{"cameraMode":{"drawMode":0,"name":"Shaded","section":"Shading Mode"},"sceneLighting":false,"audioPlay":false,"sceneViewState":{"showFog":true,"showMaterialUpdate":false,"showSkybox":false,"showFlares":true,"showImageEffects":true,"showParticleSystems":true},"in2DMode":false,"pivot":{"x":6.883694648742676,"y":5.08199405670166,"z":5.8136138916015629},"rotation":{"x":0.19796082377433778,"y":-0.45197567343711855,"z":0.10357455164194107,"w":0.8636555671691895},"size":1.0738251209259034,"orthographic":false}